{
    "camera_id": "Q0290",
    "intrinsic_2d_camera": {
        "dist_coefficients": [
            5.177143040654669e-05,
            1.2633351236582265e-05,
            -1.2797628046096084e-05,
            0.00011282222734770964,
            0
        ],
        "intrinsic": [
            1469.5103359029554,
            1469.5051510418227,
            999.1780934209442,
            774.8041874862164
        ]
    },
    "intrinsic_3d_camera": {
        "dist_coefficients": [
            5.177143040654669e-05,
            1.2633351236582265e-05,
            -1.2797628046096084e-05,
            0.00011282222734770964,
            0
        ],
        "intrinsic": [
            1469.5103359029554,
            1469.5051510418227,
            999.1780934209442,
            774.8041874862164
        ]
    },
    "intrinsic_cam2d_in_cam3d": [
        0,
        0,
        0,
        1,
        0,
        0,
        0
    ],
    "modify_time": "2021-09-26T13:58:45"
}
