{
    "roi3d_in_camera_coord": {
        "half_lengths": [
            1.0732011972729156,
            1.9999999999999996,
            0.6338679228597047
        ],
        "roi_center_pose": [
            0.9869538115888823,
            0.3560269305615633,
            3.0645967389476536,
            0.0035782881094745,
            0.7149297888784332,
            0.6991839844790673,
            -0.002085348033310619
        ]
    },
    "roi3d_in_robot_coord": {
        "half_lengths": [
            1.0732011972729156,
            1.9999999999999996,
            0.6338679228597047
        ],
        "roi_center_pose": [
            2.381880610584799,
            1.558547,
            0.13464422491272632,
            1,
            0,
            0,
            0
        ]
    }
}
